{
    "avg": {
        "wmc": 0.33,
        "ccn": 1,
        "bugs": 0,
        "kanDefect": 0.15,
        "relativeSystemComplexity": 0.67,
        "relativeDataComplexity": 0.67,
        "relativeStructuralComplexity": 0,
        "volume": 0.67,
        "commentWeight": 8.23,
        "intelligentContent": 1.33,
        "lcom": 0.33,
        "instability": 0.33,
        "afferentCoupling": 0.67,
        "efferentCoupling": 0.67,
        "difficulty": 0,
        "mi": 148.25,
        "distance": 0,
        "incomingCDep": 0,
        "incomingPDep": 0,
        "outgoingCDep": 0,
        "outgoingPDep": 0,
        "classesPerPackage": 3
    },
    "sum": {
        "loc": 17,
        "cloc": 1,
        "lloc": 16,
        "nbMethods": 1,
        "nbClasses": 3,
        "nbInterfaces": 0,
        "nbPackages": 1,
        "violations": {
            "total": 0,
            "information": 0,
            "warning": 0,
            "error": 0,
            "critical": 0
        }
    }
}